<wiidisc version="1">
	<id game="RMC"/>
	<options>
		<section name="Settings">
			<option name="YOURMODNAME"> ## Replace YOURMODNAME with the name of your mod
				<choice name="Enabled">
					<patch id="yourmodname" /> ⠀## Replace it also here
				</choice>
			</option>
		</section>
	</options>
	<patch id="yourmodname"> ##Patch the main.dol extracted from your game disk's region! 
       <file disc="main.dol" external="/YOURMODNAME/main.dol" offset="" create="true"/> ##Replace /YOURMODNAME/
		<folder external="/YOURMODNAME" recursive="false" /> ##Replace /YOURMODNAME/ with the name of your main mod directory 
		<folder external="/YOURMODNAME" recursive="false" disc="/" /> ##Replace /YOURMODNAME/
       </patch>
	   